,A,R,N,D,C,Q,E,G,H,I,L,K,M,F,P,S,T,W,Y,V
A,0.718460601966402,0.0032144615277724543,0.0014869316741970026,0.0019541555149095963,0.00848790602463953,0.0030502289918650735,0.0032842937473017805,0.012138934784792525,0.0012790668283359004,0.02104777906018642,0.010602336200834828,0.0033013243747376264,0.0036196113960141343,0.002524063405598766,0.0031596047046829373,0.022910973289850766,0.08628644286771381,0.0007339723190263647,0.0014671926081271205,0.16139550248571718
R,0.001316599832448472,0.8731866914895905,0.0034840832327594886,0.0007219117686363081,0.000629760086168016,0.010529176992435297,0.004984503993907522,0.0013934574134067347,0.0035962194457014075,0.0005632178107029479,0.0008703697181421721,0.05263340202553147,0.004505002824756085,0.0003656449764169192,0.0035799558175340336,0.0016344264871596542,0.001286562542142427,0.0009587587288647431,0.0005994299551826046,0.0002933061636992805
N,0.00042444719535523047,0.0018802837746441392,0.781925212733,0.056069590389589724,0.0010899734313386889,0.06605050668372256,0.005143340536550625,0.0019363808366652433,0.0050082188559035555,0.0003728897616849369,0.000876122018479465,0.0019349453554640668,0.0004532135289094695,0.0005115297304048034,0.0003716708120330182,0.005620145716328601,0.0023479960035411107,0.0006775945066578843,0.0008593784766220518,0.00027974051875858226
D,0.0011667634099614365,0.0010060679663020803,0.0703706330186966,0.779740149068494,0.006655879138395933,0.008550942518485321,0.07530599189596396,0.0033081809930110275,0.0016289798173907053,0.0010941395312011055,0.0037095913039312182,0.0014992522588294015,0.0008599864502544253,0.0028770229697628233,0.0008695064205601999,0.013260110493881391,0.004435747404713223,0.0008130080814915361,0.0026089491776782403,0.000735509929860377
C,0.00241151363170564,0.002971871559081067,0.0040734238796329625,0.012041800323030928,0.8463772781553404,0.0009235876414695539,0.0020138635724269408,0.020975954536875265,0.002030377649461152,0.0021662330301535607,0.009282318387491568,0.01626737237753122,0.00913198479640128,0.008687706884562147,0.0029266564561719693,0.1073804038405556,0.0031343015944059207,0.001254235824721538,0.002019589496125203,0.0013769018922150445
Q,0.0013940141988464036,0.013414340823405438,0.08303841158714248,0.010501135641442744,0.0005110349152165626,0.7624036641518936,0.10279509728225095,0.00115369188371286,0.0033970552761567255,0.0008661873495618339,0.001236495428595389,0.01818642165932613,0.005668794419719227,0.0006000706768734669,0.0024077260670370467,0.003994623557688797,0.001622171622254235,0.0016138066665890576,0.0017714955685881753,0.0006294397816556305
E,0.0017984117379845322,0.00884975752919869,0.011124027881169597,0.09392982764360881,0.0012627617341944722,0.10952633110305474,0.7623596628586385,0.002376790507148092,0.0033301807141751117,0.0020587978194164035,0.0025851257658911016,0.020549506242198336,0.007969752920623402,0.0018446480546878137,0.0038144744880917393,0.005637459495819452,0.002246809554252417,0.001373724880925641,0.002178486787798441,0.0008966330533617942
G,0.004089715660590306,0.0015848884956992052,0.002015514833979624,0.002119846197389148,0.007305261977850433,0.0005619328132037613,0.000959719980241434,0.9178264951498558,0.0003847323666439179,0.0008387333069582569,0.0010912316604383035,0.007148038569503076,0.0006923517388234337,0.0007437011728129875,0.0015484022234683614,0.005072436274710075,0.0014076375590985257,0.0004710371945308476,0.000377201844442317,0.001539765169161569
H,0.00013875535968104486,0.0008561398841595277,0.001944685203768571,0.0005846949960044529,0.000347564837525541,0.00035430395427323176,0.00029265005658471026,0.0001860996924653506,0.9262503401118991,0.00016034415127730295,0.0003363414988368048,0.0004009729585031418,0.0001821988961682981,0.0012238813523966494,0.002516510887618607,0.00039135051486521687,0.0003060760354660581,0.03482233840760738,0.0018803947286640255,0.00012045283291466295
I,0.016725659030133493,0.001127802432519316,0.0007632027402192204,0.0010836596490086047,0.0027315639145557738,0.000805080923370262,0.0013344918969293894,0.001221453649523373,0.0005685897526736866,0.6890923181002793,0.09829726223573905,0.0014262283403369412,0.01995218654626054,0.006648247289246472,0.0006922651472393738,0.001341271109210253,0.006570808312956579,0.001061516988656482,0.0024773533862340394,0.1379739860712736
L,0.01090488445336639,0.0022751288000166982,0.0020907252627246414,0.004239557128047567,0.007624159567305339,0.0018189218829104084,0.0023461712306085203,0.0023075989660963836,0.001275984027564379,0.11370888526848012,0.7577913455663351,0.0029903062618626057,0.05620965559076191,0.015317165443232039,0.0009893144259524127,0.004001174129310368,0.005515828870286326,0.0021324649634861335,0.004397329635238531,0.06052219722150081
K,0.001633751467448691,0.07119691464297431,0.004213950486004556,0.0020614512698328693,0.00831785220643052,0.01698809431405371,0.017175489317640413,0.010746996779295326,0.0018326238613167126,0.0015008922119545695,0.0020771723604860225,0.8151123839746858,0.0141604963577575,0.0012105372824560378,0.04936745991901185,0.008029847489001643,0.0015047353337050095,0.002060068053667246,0.0009454162562590347,0.0007856356664562937
M,0.0017999065057167202,0.006431709240540186,0.0008001133970292222,0.0006862283952987325,0.004186690023079369,0.004822408999962451,0.004345030610021177,0.0009045582494547973,0.0006628234914911751,0.012614839043170033,0.029064900035815654,0.011233447913642829,0.8494619461792438,0.0034553668399168996,0.0030153725758480013,0.0020056360499356093,0.001632525193475966,0.0017470595139272933,0.0013983269130247993,0.008819739167234034
F,0.0039707898138541114,0.001853972818892432,0.0024455032686648776,0.006342754714902807,0.00932200571296361,0.0013381459569888619,0.003116584504016853,0.0033262656369541788,0.006610467304203422,0.004382018875650246,0.016614260818847357,0.003105692324721627,0.0031124652493004783,0.8831637075326837,0.001788073070488374,0.004988502460362416,0.0018304916229149547,0.020492279266010542,0.10065342985022598,0.0024371754662609636
P,0.0002812189182489858,0.0026537605037774757,0.00017850329940106126,0.00028072564846257764,0.0003882863288711155,0.0005449533639499852,0.0007927686880973368,0.0008179848996842902,0.0018858236685643697,0.0001661315512677106,0.0001674137385170967,0.02642742486883946,0.0013371433718649768,0.00016597762200574754,0.9108454283030993,0.0005148074878206667,0.00029939561750497623,0.004612604983488787,0.00017220639221530713,0.00016488100332828415
S,0.021112957468468238,0.004343369393620076,0.023830790804094344,0.021408543852731925,0.08965517134940315,0.008293739106845405,0.009742433006078563,0.015314058234165697,0.003760179225897019,0.0020020475902384487,0.004699739528364146,0.014081126943636698,0.004345948397210333,0.003781849308675043,0.004300726580611754,0.7972673619479729,0.029673746566388787,0.001141224119022452,0.003493215811772911,0.0016578706641995962
T,0.051969589733922794,0.0013238294891727068,0.003897623233086252,0.0028140143833499985,0.0016306598155525,0.0013300629934062148,0.0014569914495485886,0.0012313832253927255,0.0006404155577663733,0.0036127959018937552,0.0022896834982767964,0.0012999218630419544,0.0013892629983166412,0.0006116196082112978,0.001306582085837444,0.012905282731074165,0.814721534498098,0.0005824751384073562,0.0012436811448016732,0.020465592312459726
W,0.00011566747558818116,0.0006891436345795969,0.0004131828627882979,0.00024986005812514025,0.00013685307895859749,0.0003737390347221374,0.00026434133901219974,0.00016492686235843312,0.03072181766675913,0.00031836607066998115,0.0003287788036227733,0.0007111503736779678,0.00030757361447434283,0.0035610373210489096,0.004895374000372129,0.00014632404122688858,0.00015043267973385906,0.9158689948034758,0.0015399225641306703,0.00011238331840162586
Y,0.0005429730724699836,0.0006043144999399328,0.0013349695438654198,0.0024368231766619865,0.0008499420584944482,0.0008063487817007273,0.0012693669312768719,0.0005929466638681546,0.004679390593720232,0.0007106927375186996,0.0018193503526914882,0.0006399704851858935,0.0006314917612597834,0.06003864295207845,0.0005757981264742892,0.0017680805327177794,0.0021336811838455288,0.007057218337504822,0.8675468950581954,0.0005354502655539819
V,0.159741779067807,0.0005355514941141363,0.0005685110577759762,0.0007332701804720594,0.0024893956437157315,0.0009278297916865161,0.0010172071029034228,0.002075841035273559,0.0004567137843759949,0.14272269082773437,0.0562601610786638,0.001051110828743794,0.01600893296188026,0.002667579576929011,0.0010290978878672362,0.0011297823505077838,0.03289307493750236,0.0005256172219381873,0.0023701043446734496,0.599257837015987
